NEW_ID,LOCATION,WEP,CCI,MAIN_ROCK,DRYVER_GROUP`,SUB_ROCK,ROCK_GROUP,MAINXSUB,0P_AV_Sq,0P_AV_Sz,0P_AV_Ssk,20P_AV_Sq,20P_AV_Sz,20P_AV_Ssk,0P_AV_TIME,1P_AV_TIME,20P_AV_TIME,0P_1P_AV_TIME,0P_20P_AV_TIME,1P_AV_D,20P_AV_D,1P_20P_DEL,0P_05m_TIME,1P_05m_TIME,20P_05m_TIME,0P_10m_TIME,1P_10m_TIME,20P_10m_TIME,0P_15m_TIME,1P_15m_TIME,20P_15m_TIME,0P_AV_TIME,1P_AV_TIME,20P_AV_TIME,0_1_RATIO,0_20_RATIO
MVHV101A,Miers,NA,NA,silt,Lacustrine,sand mud gravel,conglomerate,sandy silts,2.238232894,91.99636336,4.458015059,6.485318927,41.06167155,-0.355040035,95,140,140,45,45,31.67,38.33,6.67,NA,NA,NA,284,421,421,NA,NA,NA,95,140,140,1.47,1.47
MVHV101B,Miers,NA,NA,silt,Lacustrine,sand mud gravel,conglomerate,sandy silts,1.399060058,14.46271053,0.486717083,6.575058823,41.10868743,-0.298251765,159,149,162,-10,3,26.67,30,3.33,NA,NA,NA,478,448,487,NA,NA,NA,159,149,162,0.94,1.02
MVHV102A,Miers,NA,NA,till,Younger Glacial,breccia gravel tillite,breccia,gravel breccia,3.09059941,27.4360768,0.499201396,6.476407735,47.75259631,-0.181174493,0,75,75,75,75,13.33,40,26.67,NA,NA,NA,NA,224,224,NA,NA,NA,NA,75,75,NA,NA
MVHV102B,Miers,NA,NA,till,Younger Glacial,breccia gravel tillite,breccia,gravel breccia,3.145378976,30.85233566,0.57071266,6.561049227,51.40123617,-0.330338512,0,98,98,98,98,38.33,43.33,5,NA,NA,NA,NA,295,295,NA,NA,NA,NA,98,98,NA,NA
MVHV103A,Miers,NA,NA,till,Younger Glacial,breccia gravel tillite,breccia,gravel breccia,2.946738307,26.3319406,0.675670056,7.519723065,55.23077503,-0.258139727,0,86,135,86,135,38.33,25,-13.33,NA,NA,NA,NA,258,404,NA,NA,NA,NA,86,135,NA,NA
MVHV103B,Miers,NA,NA,till,Younger Glacial,breccia gravel tillite,breccia,gravel breccia,NA,NA,NA,NA,NA,NA,0,100,162,100,162,38.33,43.33,5,NA,NA,NA,NA,300,485,NA,NA,NA,NA,100,162,NA,NA
MVHV104A,Miers,NA,NA,till,Younger Glacial,breccia gravel tillite,breccia,gravel breccia,3.725277532,32.48652991,0.827477723,5.566324563,39.43993425,-0.15783145,149,149,79,0,-70,16,30,14,NA,NA,NA,446,446,236,NA,NA,NA,149,149,79,1.00,0.53
MVHV104B,Miers,NA,NA,till,Younger Glacial,breccia gravel tillite,breccia,gravel breccia,4.043354838,106.1640193,9.394550987,6.984056644,46.92622898,-0.325656596,95,108,92,13,-3,11.67,35,23.33,NA,NA,NA,284,323,276,NA,NA,NA,95,108,92,1.14,0.97
MVHV105A,Miers,NA,NA,gravel,Colluvium,sand fanglomerate,conglomerate,sandy conglomerate,3.554730754,26.03188583,0.616258878,6.57704001,47.15324619,-0.368799169,96,49,88,-47,-8,16.67,31.67,15,NA,NA,NA,288,148,264,NA,NA,NA,96,49,88,0.51,0.92
MVHV105B,Miers,NA,NA,gravel,Colluvium,sand fanglomerate,conglomerate,sandy conglomerate,3.704608741,32.0670413,0.510786993,7.376224947,47.34499797,0.374001541,138,98,64,-40,-74,15,40,25,NA,NA,NA,413,294,193,NA,NA,NA,138,98,64,0.71,0.46
MVHV106A,Miers,NA,NA,silt,Lacustrine,sand mud gravel,conglomerate,sandy silts,3.743135421,29.85561196,0.794347305,6.678470249,50.09846987,-0.12077837,0,96,70,96,70,11.67,25,13.33,NA,NA,NA,NA,288,210,NA,NA,NA,NA,96,70,NA,NA
MVHV106B,Miers,NA,NA,silt,Lacustrine,sand mud gravel,conglomerate,sandy silts,3.806364928,33.54047802,0.768587373,7.317215592,57.30434902,-0.332715397,0,94,70,94,70,23.33,56.67,33.33,NA,NA,NA,NA,283,210,NA,NA,NA,NA,94,70,NA,NA
MVHV107A,Miers,NA,NA,till,Younger Glacial,breccia gravel tillite,breccia,gravel breccia,1.669047429,15.75827696,0.693609127,6.567211262,43.42951881,-0.365379385,0,127,94,127,94,31.67,31.67,0,NA,NA,NA,NA,382,283,NA,NA,NA,NA,127,94,NA,NA
MVHV107B,Miers,NA,NA,till,Younger Glacial,breccia gravel tillite,breccia,gravel breccia,1.807523031,13.60289839,0.740546977,5.710131929,43.76216656,-0.235922843,0,145,137,145,137,31.67,41.67,10,NA,NA,NA,NA,436,410,NA,NA,NA,NA,145,137,NA,NA
MVMG200A,Miers,NA,NA,till,Local Glacial,breccia gravel tillite,breccia,gravel breccia,3.700623823,32.50834188,0.632438925,4.425209054,44.43589617,0.595896172,161,199,195,38,34,4.33,23.33,19,NA,NA,NA,484,597,584,NA,NA,NA,161,199,195,1.24,1.21
MVMG200B,Miers,NA,NA,till,Local Glacial,breccia gravel tillite,breccia,gravel breccia,NA,NA,NA,NA,NA,NA,275,300,169,25,-106,1,13.33,12.33,NA,NA,NA,826,900,507,NA,NA,NA,275,300,169,1.09,0.61
MVMG201A,Miers,NA,NA,till,Local Glacial,breccia gravel tillite,breccia,gravel breccia,2.968167362,26.1519997,0.537134936,4.029867984,31.96339986,0.120223246,192,300,155,108,-37,1.33,18.33,17,NA,NA,NA,576,900,466,NA,NA,NA,192,300,155,1.56,0.81
MVMG201B,Miers,NA,NA,till,Local Glacial,breccia gravel tillite,breccia,gravel breccia,3.011612078,23.10203064,0.593009554,4.267718485,37.50849823,-0.31288803,183,208,170,25,-13,3,17.33,14.33,NA,NA,NA,550,625,511,NA,NA,NA,183,208,170,1.14,0.93
MVMG202A,Miers,NA,NA,gravel,Colluvium,sand fanglomerate,conglomerate,sandy conglomerate,2.514791116,20.69765433,0.607751769,3.770976726,33.54277707,0.109773752,250,195,300,-55,50,2.67,3,0.33,NA,NA,NA,750,586,900,NA,NA,NA,250,195,300,0.78,1.20
MVMG202B,Miers,NA,NA,gravel,Colluvium,sand fanglomerate,conglomerate,sandy conglomerate,2.350093744,21.41657012,1.097772367,5.996947929,42.58391965,-0.07113244,279,189,300,-90,21,20.67,28,7.33,NA,NA,NA,838,567,900,NA,NA,NA,279,189,300,0.68,1.08
MVMG203A,Miers,NA,NA,gravel,Colluvium,sand fanglomerate,conglomerate,sandy conglomerate,NA,NA,NA,NA,NA,NA,300,82,300,-218,0,23.33,43.33,20,NA,NA,NA,900,247,900,NA,NA,NA,300,82,300,0.27,1.00
MVMG203B,Miers,NA,NA,gravel,Colluvium,sand fanglomerate,conglomerate,sandy conglomerate,NA,NA,NA,NA,NA,NA,300,300,300,0,0,40,43.33,3.33,NA,NA,NA,900,900,900,NA,NA,NA,300,300,300,1.00,1.00
MVMV300A,Miers,NA,NA,silt,Lacustrine,sand mud gravel,conglomerate,sandy silts,3.054533243,26.32831249,0.570512018,6.797729837,46.96445107,-0.179998351,270,300,300,30,30,20.67,34.67,14,NA,NA,NA,811,900,900,NA,NA,NA,270,300,300,1.11,1.11
MVMV300B,Miers,NA,NA,silt,Lacustrine,sand mud gravel,conglomerate,sandy silts,2.874894142,22.27656726,0.826751688,4.893497128,35.43466859,-0.244362844,261,300,300,39,39,15,25,10,NA,NA,NA,783,900,900,NA,NA,NA,261,300,300,1.15,1.15
MVMV301A,Miers,NA,NA,till,Younger Glacial,breccia gravel tillite,breccia,gravel breccia,2.277802509,22.05800336,0.972827259,7.539742927,53.89464584,-0.307371538,120,90,128,-30,8,35,30,-5,NA,NA,NA,361,270,383,NA,NA,NA,120,90,128,0.75,1.07
MVMV301B,Miers,NA,NA,till,Younger Glacial,breccia gravel tillite,breccia,gravel breccia,2.99687165,25.06076148,0.978561204,6.038139703,44.22977355,-0.245349904,130,159,104,29,-26,21.67,30,8.33,NA,NA,NA,390,476,311,NA,NA,NA,130,159,104,1.22,0.80
MVMV302A,Miers,NA,NA,till,Younger Glacial,breccia gravel tillite,breccia,gravel breccia,3.007019007,41.70488658,0.328860053,8.103670293,61.88257874,-0.141828909,120,145,103,25,-17,43.33,43.33,0,NA,NA,NA,360,434,308,NA,NA,NA,120,145,103,1.21,0.86
MVMV302B,Miers,NA,NA,till,Younger Glacial,breccia gravel tillite,breccia,gravel breccia,2.756072063,21.87384772,0.609104727,7.252961128,50.06061407,-0.308233077,90,104,183,14,93,31.67,35,3.33,NA,NA,NA,271,313,549,NA,NA,NA,90,104,183,1.16,2.03
MVMV303A,Miers,NA,NA,gravel,Alluvial,sand conglomerate,conglomerate,sandy conglomerate,NA,NA,NA,NA,NA,NA,111,48,135,-63,24,45,51.67,6.67,12.6,NA,NA,319,145,406,NA,NA,NA,111,48,135,0.43,1.22
MVMV303B,Miers,NA,NA,gravel,Alluvial,sand conglomerate,conglomerate,sandy conglomerate,2.632716514,26.95355567,1.4085006,8.392816534,63.10406375,-0.524503325,123,54,103,-69,-20,48.33,43.33,-5,11.2,NA,NA,359,163,310,NA,NA,NA,123,54,103,0.44,0.84
MVMV303C,Miers,NA,NA,gravel,Alluvial,sand conglomerate,conglomerate,sandy conglomerate,2.100250624,19.09191442,0.890587309,2.804604938,22.56524586,0.129118769,221,259,232,38,11,5,6.67,1.67,NA,NA,NA,662,778,695,NA,NA,NA,221,259,232,1.17,1.05
MVMV303D,Miers,NA,NA,gravel,Alluvial,sand conglomerate,conglomerate,sandy conglomerate,2.07862845,18.46974193,0.902914575,3.175669145,25.81477718,-0.257719905,276,218,288,-58,12,3.33,15.33,12,NA,NA,NA,829,655,864,NA,NA,NA,276,218,288,0.79,1.04
MVMV304A,Miers,NA,NA,gravel,Alluvial,sand conglomerate,conglomerate,sandy conglomerate,2.594584771,20.87207649,0.680074234,4.953061769,36.09299213,-0.230524021,136,300,300,164,164,18.33,36.67,18.33,NA,NA,NA,407,900,900,NA,NA,NA,136,300,300,2.21,2.21
MVMV304B,Miers,NA,NA,gravel,Alluvial,sand conglomerate,conglomerate,sandy conglomerate,2.969360844,27.35541919,1.052068382,5.234038797,38.76470424,-0.191333403,168,300,241,132,73,24.33,40,15.67,NA,NA,NA,505,900,723,NA,NA,NA,168,300,241,1.79,1.43
MVMV305A,Miers,NA,NA,silt,Lacustrine,sand mud gravel,conglomerate,sandy silts,3.025433245,34.36693905,1.454718229,6.070474486,42.12801278,-0.489292953,103,78,74,-25,-29,21.67,33.33,11.67,NA,NA,NA,309,233,223,NA,NA,NA,103,78,74,0.76,0.72
MVMV305B,Miers,NA,NA,silt,Lacustrine,sand mud gravel,conglomerate,sandy silts,2.565224388,21.80156567,1.063709504,6.287279674,41.69290807,-0.382851556,153,144,204,-9,51,25.67,41.67,16,NA,NA,NA,460,433,612,NA,NA,NA,153,144,204,0.94,1.33
MVMV306A,Miers,NA,NA,till,Younger Glacial,breccia gravel tillite,breccia,gravel breccia,2.309019907,17.31899275,0.658453948,4.522468905,31.68983758,-0.239122922,287,218,0,-69,-287,24.67,26.33,1.67,NA,NA,NA,860,655,NA,NA,NA,NA,287,218,0,0.76,0.00
MVMV306B,Miers,NA,NA,till,Younger Glacial,breccia gravel tillite,breccia,gravel breccia,1.740412632,15.5057848,0.463796119,3.82346846,29.68724206,-0.384308442,285,300,300,15,15,20.67,8.67,-12,NA,NA,NA,855,900,900,NA,NA,NA,285,300,300,1.05,1.05
TVFH600A,Taylor,NA,NA,till,Older Glacial,breccia gravel tillite,breccia,gravel breccia,NA,NA,NA,NA,NA,NA,NA,NA,NA,NA,NA,44.33,25,-19.33,NA,NA,NA,NA,NA,NA,NA,NA,NA,NA,NA,NA,NA,NA
TVFH600B,Taylor,NA,NA,till,Older Glacial,breccia gravel tillite,breccia,gravel breccia,NA,NA,NA,NA,NA,NA,NA,NA,NA,NA,NA,30,38.33,8.33,NA,NA,NA,NA,NA,NA,NA,NA,NA,NA,NA,NA,NA,NA
TVFH601A,Taylor,NA,NA,till,Older Glacial,breccia gravel tillite,breccia,gravel breccia,NA,NA,NA,NA,NA,NA,586,381,329,-205,-257,26.67,21.67,-5,446,180,510,665,472,212,648,490,264,586,381,329,0.65,0.56
TVFH601B,Taylor,NA,NA,till,Older Glacial,breccia gravel tillite,breccia,gravel breccia,NA,NA,NA,NA,NA,NA,162,420,296,258,134,23.33,11.67,-11.67,235,254,277,252,900,426,NA,106,186,162,420,296,2.59,1.83
TVFH602A,Taylor,NA,NA,till,Older Glacial,breccia gravel tillite,breccia,gravel breccia,NA,NA,NA,NA,NA,NA,450,710,601,260,151,11.67,21.67,10,900,845,253,232,472,900,218,813,650,450,710,601,1.58,1.34
TVFH602B,Taylor,NA,NA,till,Local Glacial,breccia gravel tillite,breccia,gravel breccia,NA,NA,NA,NA,NA,NA,670,523,530,-147,-140,6.67,8.33,1.67,211,900,375,900,529,725,900,141,490,670,523,530,0.78,0.79
TVFH603A,Taylor,NA,NA,till,Local Glacial,breccia gravel tillite,breccia,gravel breccia,NA,NA,NA,NA,NA,NA,859,588,516,-271,-343,8.33,16.67,8.33,900,465,351,844,538,527,834,762,671,859,588,516,0.68,0.60
TVFH603B,Taylor,NA,NA,till,Local Glacial,breccia gravel tillite,breccia,gravel breccia,NA,NA,NA,NA,NA,NA,NA,NA,NA,NA,NA,20,21,1,NA,NA,NA,NA,NA,NA,NA,NA,NA,NA,NA,NA,NA,NA
TVNH202A,Taylor,NA,NA,till,Local Glacial,sand silt,conglomerate,sandy silts,NA,NA,NA,NA,NA,NA,39,55,64,16,25,0,25,25,30,55,40,50,65,65,37,45,88,39,55,64,1.41,1.64
TVNH202B,Taylor,NA,NA,till,Local Glacial,sand silt,conglomerate,sandy silts,NA,NA,NA,NA,NA,NA,50,900,340,850,290,0,0,0,43,900,40,60,900,80,48,900,900,50,900,340,18.00,6.80
TVNH203A,Taylor,NA,NA,till,Younger Glacial,breccia gravel tillite,breccia,gravel breccia,NA,NA,NA,NA,NA,NA,87,82,104,-5,17,35,30,-5,75,180,110,105,10,132,80,56,70,87,82,104,0.94,1.20
TVNH203B,Taylor,NA,NA,till,Younger Glacial,breccia gravel tillite,breccia,gravel breccia,NA,NA,NA,NA,NA,NA,61,90,151,29,90,33.33,15,-18.33,60,80,63,64,105,170,58,86,220,61,90,151,1.48,2.48
TVNH204A,Taylor,NA,NA,till,Older Glacial,sand conglomerate,conglomerate,sandy conglomerate,NA,NA,NA,NA,NA,NA,326,277,393,-49,67,6.67,10,3.33,268,528,514,531,158,166,178,145,499,326,277,393,0.85,1.21
TVNH204B,Taylor,NA,NA,till,Older Glacial,sand conglomerate,conglomerate,sandy conglomerate,NA,NA,NA,NA,NA,NA,422,655,268,233,-154,5,7,2,558,209,160,467,857,131,240,900,512,422,655,268,1.55,0.64
TVNH205A,Taylor,NA,NA,till,Local Glacial,sand silt,conglomerate,sandy silts,NA,NA,NA,NA,NA,NA,50,70,73,20,23,36.67,20,-16.67,43,65,59,57,67,85,50,77,74,50,70,73,1.40,1.46
TVNH205B,Taylor,NA,NA,till,Local Glacial,sand silt,conglomerate,sandy silts,NA,NA,NA,NA,NA,NA,72,64,40,-8,-32,40,26.67,-13.33,63,40,40,57,96,41,95,56,40,72,64,40,0.89,0.56
TVNH208A,Taylor,NA,NA,gravel,Colluvium,breccia gravel tillite,breccia,gravel breccia,NA,NA,NA,NA,NA,NA,361,520,617,159,256,10,20,10,268,370,463,387,291,689,428,900,700,361,520,617,1.44,1.71
TVNH208B,Taylor,NA,NA,gravel,Colluvium,breccia gravel tillite,breccia,gravel breccia,NA,NA,NA,NA,NA,NA,683,638,702,-45,19,10,15,5,900,485,900,250,900,900,900,530,307,683,638,702,0.93,1.03
TVNH209A,Taylor,NA,NA,gravel,Colluvium,breccia gravel tillite,breccia,gravel breccia,NA,NA,NA,NA,NA,NA,618,252,383,-366,-235,11.67,23.33,11.67,900,75,154,54,241,96,900,440,900,618,252,383,0.41,0.62
TVNH209B,Taylor,NA,NA,gravel,Colluvium,breccia gravel tillite,breccia,gravel breccia,NA,NA,NA,NA,NA,NA,331,148,448,-183,117,16.67,33.33,16.67,93,121,306,186,238,630,713,84,408,331,148,448,0.45,1.35
TVNH210A,Taylor,NA,NA,till,Younger Glacial,breccia gravel tillite,breccia,gravel breccia,NA,NA,NA,NA,NA,NA,87,99,311,12,224,21.67,36.67,15,57,95,100,130,105,715,75,97,119,87,99,311,1.14,3.57
TVNH210B,Taylor,NA,NA,till,Younger Glacial,breccia gravel tillite,breccia,gravel breccia,NA,NA,NA,NA,NA,NA,99,61,160,-38,61,25,25,0,90,62,165,95,63,142,112,58,174,99,61,160,0.62,1.62
TVPV500A,Taylor,NA,NA,till,Local Glacial,breccia gravel tillite,breccia,gravel breccia,NA,NA,NA,NA,NA,NA,81,85,40,4,-41,38.33,26.67,-11.67,116,96,41,90,95,31,37,65,47,81,85,40,1.05,0.49
TVPV500B,Taylor,NA,NA,silt,Lacustrine,breccia gravel tillite,breccia,gravel breccia,NA,NA,NA,NA,NA,NA,68,41,127,-27,59,31,15,-16,75,15,72,55,61,239,75,46,70,68,41,127,0.60,1.87
TVPV501A,Taylor,NA,NA,silt,Lacustrine,breccia gravel tillite,breccia,gravel breccia,NA,NA,NA,NA,NA,NA,108,95,73,-13,-35,34.33,28.33,-6,82,92,89,209,45,0,33,148,130,108,95,73,0.88,0.68
TVPV501B,Taylor,NA,NA,silt,Lacustrine,breccia gravel tillite,breccia,gravel breccia,NA,NA,NA,NA,NA,NA,102,64,52,-38,-50,35,23.33,-11.67,98,55,46,62,78,65,146,60,44,102,64,52,0.63,0.51
TVPV502A,Taylor,NA,NA,silt,Lacustrine,breccia gravel tillite,breccia,gravel breccia,NA,NA,NA,NA,NA,NA,61,102,99,41,38,16.67,23.33,6.67,109,55,180,24,171,34,49,79,83,61,102,99,1.67,1.62
TVPV502B,Taylor,NA,NA,gravel,Alluvial,breccia gravel tillite,breccia,gravel breccia,NA,NA,NA,NA,NA,NA,109,128,71,19,-38,23,31.67,8.67,84,190,100,105,77,41,139,118,73,109,128,71,1.17,0.65
TVPV503A,Taylor,NA,NA,gravel,Alluvial,breccia gravel tillite,breccia,gravel breccia,NA,NA,NA,NA,NA,NA,70,102,101,32,31,31.67,30,-1.67,80,105,63,59,70,130,71,132,111,70,102,101,1.46,1.44
TVPV503B,Taylor,NA,NA,gravel,Alluvial,breccia gravel tillite,breccia,gravel breccia,NA,NA,NA,NA,NA,NA,74,54,100,-20,26,21.67,30,8.33,50,38,60,60,80,85,111,45,155,74,54,100,0.73,1.35
TVPV503C,Taylor,NA,NA,gravel,Alluvial,breccia gravel tillite,breccia,gravel breccia,NA,NA,NA,NA,NA,NA,76,95,92,19,16,33.33,23.33,-10,58,57,75,80,144,90,90,85,112,76,95,92,1.25,1.21
TVPV508A,Taylor,NA,NA,gravel,Alluvial,sand fanglomerate,conglomerate,sand conglomerate,NA,NA,NA,NA,NA,NA,59,70,69,11,10,56.67,46.67,-10,57,67,52,74,104,118,46,38,37,59,70,69,1.19,1.17
TVPV508B,Taylor,NA,NA,gravel,Alluvial,sand fanglomerate,conglomerate,sand conglomerate,NA,NA,NA,NA,NA,NA,75,114,54,39,-21,0,20,20,100,67,73,54,81,25,72,194,63,75,114,54,1.52,0.72
TVPV509A,Taylor,NA,NA,silt,Lacustrine,sand fanglomerate,conglomerate,sand conglomerate,NA,NA,NA,NA,NA,NA,123,95,58,-28,-65,53.33,46.67,-6.67,39,35,28,118,100,43,211,150,104,123,95,58,0.77,0.47
TVPV509B,Taylor,NA,NA,silt,Lacustrine,sand fanglomerate,conglomerate,sand conglomerate,NA,NA,NA,NA,NA,NA,83,94,58,11,-25,48.33,43.33,-5,94,98,80,42,42,29,113,142,66,83,94,58,1.13,0.70
TVSP400A,Taylor,NA,NA,till,Younger Glacial,breccia gravel tillite,breccia,gravel breccia,NA,NA,NA,NA,NA,NA,132,192,116,60,-16,16.67,15,-1.67,225,107,160,120,250,73,50,220,114,132,192,116,1.45,0.88
TVSP400B,Taylor,NA,NA,gravel,Alluvial,breccia gravel tillite,breccia,gravel breccia,NA,NA,NA,NA,NA,NA,84,163,360,79,276,35,15,-20,143,113,900,55,188,90,55,188,90,84,163,360,1.94,4.29
TVSP401A,Taylor,NA,NA,gravel,Alluvial,breccia gravel tillite,breccia,gravel breccia,NA,NA,NA,NA,NA,NA,82,86,116,4,34,10,10,0,86,105,188,86,79,83,74,74,76,82,86,116,1.05,1.41
TVSP401B,Taylor,NA,NA,gravel,Alluvial,breccia gravel tillite,breccia,gravel breccia,NA,NA,NA,NA,NA,NA,136,115,262,-21,126,0,5,5,139,106,361,141,151,211,127,89,213,136,115,262,0.85,1.93
TVSP402A,Taylor,NA,NA,gravel,Alluvial,breccia gravel tillite,breccia,gravel breccia,NA,NA,NA,NA,NA,NA,163,650,396,487,233,30,20,-10,151,900,900,122,149,58,217,900,231,163,650,396,3.99,2.43
TVSP402B,Taylor,NA,NA,till,Older Glacial,breccia gravel tillite,breccia,gravel breccia,NA,NA,NA,NA,NA,NA,98,900,181,802,83,20,30,10,94,4020,131,86,900,243,113,309,169,98,1743,181,17.79,1.85
TVSP403A,Taylor,NA,NA,gravel,Alluvial,breccia gravel tillite,breccia,gravel breccia,NA,NA,NA,NA,NA,NA,197,87,201,-110,4,0,4.67,4.67,61,90,157,270,110,400,260,60,47,197,87,201,0.44,1.02
TVSP403B,Taylor,NA,NA,till,Younger Glacial,breccia gravel tillite,breccia,gravel breccia,NA,NA,NA,NA,NA,NA,101,74,166,-27,65,4,4,0,82,45,132,125,60,300,95,117,65,101,74,166,0.73,1.64
TVSP404A,Taylor,NA,NA,till,Younger Glacial,breccia gravel tillite,breccia,gravel breccia,NA,NA,NA,NA,NA,NA,174,162,135,-12,-39,5,15,10,90,210,91,338,45,175,95,232,140,174,162,135,0.93,0.78
TVSP404B,Taylor,NA,NA,sand,Aeolian,breccia gravel tillite,breccia,sand,NA,NA,NA,NA,NA,NA,289,307,195,18,-94,4,5,1,334,178,196,170,200,212,362,542,177,289,307,195,1.06,0.67
TVSP405A,Taylor,NA,NA,sand,Aeolian,breccia gravel tillite,breccia,sand,NA,NA,NA,NA,NA,NA,51,365,157,314,106,3.33,10,6.67,55,100,315,47,95,85,52,900,70,51,365,157,7.16,3.08
TVSP405B,Taylor,NA,NA,sand,Aeolian,breccia gravel tillite,breccia,sand,NA,NA,NA,NA,NA,NA,58,78,53,20,-5,8.33,20,11.67,65,61,38,55,61,62,55,113,59,58,78,53,1.34,0.91
TVSP407A,Taylor,NA,NA,till,Younger Glacial,sand fanglomerate,conglomerate,sand conglomerate,NA,NA,NA,NA,NA,NA,352,423,374,71,22,20,13.33,-6.67,317,390,468,395,570,115,345,310,540,352,423,374,1.20,1.06
TVSP408A,Taylor,NA,NA,sand,Aeolian,breccia gravel tillite,breccia,sand,NA,NA,NA,NA,NA,NA,353,412,293,59,-60,16.33,18.33,2,459,295,235,215,605,420,385,337,225,353,412,293,1.17,0.83
TVSP408B,Taylor,NA,NA,sand,Aeolian,breccia gravel tillite,breccia,sand,NA,NA,NA,NA,NA,NA,240,238,671,-2,431,24.33,20,-4.33,270,190,839,195,165,635,255,358,539,240,238,671,0.99,2.80
TVSP409A,Taylor,NA,NA,till,Younger Glacial,breccia gravel tillite,breccia,gravel breccia,NA,NA,NA,NA,NA,NA,868,484,792,-384,-76,2.67,5,2.33,900,285,900,900,267,575,805,900,900,868,484,792,0.56,0.91
TVSP409B,Taylor,NA,NA,till,Younger Glacial,breccia gravel tillite,breccia,gravel breccia,NA,NA,NA,NA,NA,NA,321,277,307,-44,-14,10,18.33,8.33,306,250,539,395,305,105,263,275,276,321,277,307,0.86,0.96
TVSP410A,Taylor,NA,NA,gravel,Alluvial,sand fanglomerate,conglomerate,sand conglomerate,NA,NA,NA,NA,NA,NA,234,130,151,-104,-83,4,4.33,0.33,277,164,163,125,158,106,299,67,183,234,130,151,0.56,0.65
TVSP410B,Taylor,NA,NA,gravel,Alluvial,sand fanglomerate,conglomerate,sand conglomerate,NA,NA,NA,NA,NA,NA,112,157,69,45,-43,4,10.67,6.67,51,198,46,96,206,63,190,66,98,112,157,69,1.40,0.62
TVSP411A,Taylor,NA,NA,gravel,Alluvial,sand fanglomerate,conglomerate,sand conglomerate,NA,NA,NA,NA,NA,NA,118,233,193,115,75,4.33,5,0.67,140,150,140,108,260,115,105,290,323,118,233,193,1.97,1.64
TVSP411B,Taylor,NA,NA,gravel,Alluvial,sand fanglomerate,conglomerate,sand conglomerate,NA,NA,NA,NA,NA,NA,188,250,186,62,-2,2.33,16.67,14.33,114,146,142,191,198,178,258,405,237,188,250,186,1.33,0.99
TVSP412A,Taylor,NA,NA,till,Younger Glacial,breccia gravel tillite,breccia,gravel breccia,NA,NA,NA,NA,NA,NA,147,180,151,33,4,20,4,-16,261,140,231,54,250,97,125,149,124,147,180,151,1.22,1.03
TVSP412B,Taylor,NA,NA,till,Younger Glacial,breccia gravel tillite,breccia,gravel breccia,NA,NA,NA,NA,NA,NA,69,80,138,11,69,1,6.67,5.67,79,85,125,65,80,132,62,75,158,69,80,138,1.16,2.00
TVSP413A,Taylor,NA,NA,till,Older Glacial,breccia gravel tillite,breccia,gravel breccia,NA,NA,NA,NA,NA,NA,162,194,154,32,-8,11.33,17.67,6.33,170,270,117,135,250,115,180,61,229,162,194,154,1.20,0.95
TVSP413B,Taylor,NA,NA,till,Younger Glacial,breccia gravel tillite,breccia,gravel breccia,NA,NA,NA,NA,NA,NA,133,143,153,10,20,24,23.33,-0.67,70,179,223,104,96,121,225,153,115,133,143,153,1.08,1.15
TVSP414A,Taylor,NA,NA,sand,Aeolian,breccia gravel tillite,breccia,sand,NA,NA,NA,NA,NA,NA,128,116,121,-12,-7,1,5,4,118,100,195,135,188,90,130,60,77,128,116,121,0.91,0.95
TVSP414B,Taylor,NA,NA,gravel,Alluvial,breccia gravel tillite,breccia,gravel breccia,NA,NA,NA,NA,NA,NA,169,85,360,-84,191,10,20,10,155,95,245,250,60,435,103,100,400,169,85,360,0.50,2.13
VVIR200A,Victoria,NA,NA,till,Younger Glacial,breccia gravel tillite,breccia,gravel breccia,2.976617125,27.32423596,0.87086729,5.200017568,43.4091198,0.089473847,0,117,47,117,47,1.53,1.87,0.33,NA,NA,NA,NA,352,140,NA,NA,NA,0,117,47,NA,NA
VVIR200B,Victoria,NA,NA,till,Younger Glacial,breccia gravel tillite,breccia,gravel breccia,3.242904031,53.391088,0.818710785,6.214801045,50.33094694,0.307767733,66,0,120,-66,54,8.67,26,17.33,NA,NA,NA,199,NA,360,NA,NA,NA,66,0,120,0.00,1.82
VVIR200C,Victoria,NA,NA,till,Younger Glacial,breccia gravel tillite,breccia,gravel breccia,4.181154656,41.71537563,1.274758197,4.133650287,39.91161586,0.207477305,67,62,0,-5,-67,2.67,16,13.33,NA,NA,NA,200,185,NA,NA,NA,NA,67,62,0,0.93,0.00
VVLV100A,Victoria,NA,NA,silt,Lacustrine,breccia gravel tillite,breccia,gravel breccia,NA,NA,NA,NA,NA,NA,103,97,101,-6,-2,1,22.33,21.33,NA,NA,NA,310,291,303,NA,NA,NA,103,97,101,0.94,0.98
VVLV100B,Victoria,NA,NA,till,Younger Glacial,breccia gravel tillite,breccia,gravel breccia,NA,NA,NA,NA,NA,NA,15,75,80,60,65,22.33,56,33.67,NA,NA,NA,46,226,241,NA,NA,NA,15,75,80,5.00,5.33
VVLV101A,Victoria,NA,NA,till,Younger Glacial,breccia gravel tillite,breccia,gravel breccia,NA,NA,NA,NA,NA,NA,115,293,167,178,52,17.33,34.33,17,NA,NA,NA,345,880,501,NA,NA,NA,115,293,167,2.55,1.45
VVLV101B,Victoria,NA,NA,till,Younger Glacial,breccia gravel tillite,breccia,gravel breccia,NA,NA,NA,NA,NA,NA,116,170,136,54,20,12,23,11,NA,NA,NA,349,509,408,NA,NA,NA,116,170,136,1.47,1.17
VVLV102A,Victoria,NA,NA,till,Younger Glacial,sand silt,conglomerate,sandy silts,NA,NA,NA,NA,NA,NA,111,240,79,129,-32,16.67,30,13.33,NA,NA,NA,333,720,236,NA,NA,NA,111,240,79,2.16,0.71
VVLV103A,Victoria,NA,NA,silt,Lacustrine,loess,sandstone,sand,NA,NA,NA,NA,NA,NA,83,103,141,20,58,20,34,14,NA,NA,NA,250,308,424,NA,NA,NA,83,103,141,1.24,1.70
VVLV103B,Victoria,NA,NA,silt,Lacustrine,loess,sandstone,sand,NA,NA,NA,NA,NA,NA,NA,NA,NA,NA,NA,26.67,40,13.33,NA,NA,NA,NA,NA,NA,NA,NA,NA,NA,NA,NA,NA,NA
VVLV104A,Victoria,NA,NA,till,Younger Glacial,breccia gravel tillite,breccia,gravel breccia,NA,NA,NA,NA,NA,NA,146,125,101,-21,-45,35,35,0,NA,NA,NA,437,376,304,NA,NA,NA,146,125,101,0.86,0.69
VVLV105A,Victoria,NA,NA,till,Younger Glacial,breccia gravel tillite,breccia,gravel breccia,NA,NA,NA,NA,NA,NA,75,89,138,14,63,30,35.67,5.67,NA,NA,NA,224,268,414,NA,NA,NA,75,89,138,1.19,1.84
VVLV105B,Victoria,NA,NA,till,Younger Glacial,breccia gravel tillite,breccia,gravel breccia,NA,NA,NA,NA,NA,NA,74,159,83,85,9,33.33,44,10.67,NA,NA,NA,222,477,248,NA,NA,NA,74,159,83,2.15,1.12
VVUV300A,Victoria,NA,NA,till,Younger Glacial,breccia gravel tillite,breccia,gravel breccia,2.875010287,24.12467447,1.469027775,6.165935166,42.93284734,-0.310601946,119,124,72,5,-47,11.67,38,26.33,NA,NA,NA,356,371,215,NA,NA,NA,119,124,72,1.04,0.61
VVUV300B,Victoria,NA,NA,till,Younger Glacial,breccia gravel tillite,breccia,gravel breccia,2.637968356,22.05595888,1.220799938,6.571160644,49.59712615,0.048140339,111,241,88,130,-23,18.33,27.33,9,NA,NA,NA,333,722,263,NA,NA,NA,111,241,88,2.17,0.79
VVUV301A,Victoria,NA,NA,till,Younger Glacial,breccia gravel tillite,breccia,gravel breccia,2.95500403,27.3840667,1.294522484,4.26715387,44.718527,0.560340551,134,272,135,138,1,0,1.67,1.67,NA,NA,NA,403,815,405,NA,NA,NA,134,272,135,2.03,1.01
VVUV301B,Victoria,NA,NA,till,Younger Glacial,breccia gravel tillite,breccia,gravel breccia,2.891851587,26.16104588,0.965732684,5.529096802,49.4515292,0.24136764,110,8,104,-102,-6,15,17,2,NA,NA,NA,329,25,312,NA,NA,NA,110,8,104,0.07,0.95
VVUV303A,Victoria,NA,NA,till,Younger Glacial,breccia gravel tillite,breccia,gravel breccia,3.105896394,25.66571775,0.841338331,6.688453149,48.71798167,-0.111442524,99,92,112,-7,13,24.33,56,31.67,NA,NA,NA,296,276,337,NA,NA,NA,99,92,112,0.93,1.13
VVUV303B,Victoria,NA,NA,gravel,Alluvial,sand silt,breccia,sand,3.574092745,31.3638008,-0.862132966,4.893181643,45.4495103,-0.033589766,223,88,128,-135,-95,23,31,8,NA,NA,NA,668,264,383,NA,NA,NA,223,88,128,0.39,0.57
VVUV304A,Victoria,NA,NA,till,Younger Glacial,breccia gravel tillite,breccia,gravel breccia,2.292148601,19.98079381,0.900937237,6.432896223,46.26996584,-0.308715859,161,113,169,-48,8,23.33,39.67,16.33,NA,NA,NA,483,340,507,NA,NA,NA,161,113,169,0.70,1.05
VVUV304B,Victoria,NA,NA,gravel,Alluvial,sand silt,breccia,sand,2.222869155,19.76138364,0.844380868,5.664600962,38.17018717,-0.326011773,118,99,206,-19,88,10.67,31.33,20.67,NA,NA,NA,353,297,617,NA,NA,NA,118,99,206,0.84,1.75
VVUV305A,Victoria,NA,NA,gravel,Alluvial,sand conglomerate,conglomerate,sandy conglomerate,1.745572791,15.46884481,0.830701414,5.427257856,35.99469287,-0.110233844,111,42,75,-69,-36,24.33,37,12.67,NA,NA,NA,334,125,226,NA,NA,NA,111,42,75,0.38,0.68
VVUV305B,Victoria,NA,NA,gravel,Alluvial,sand conglomerate,conglomerate,sandy conglomerate,5.601466797,64.33142559,1.198013417,8.16816331,56.80442481,0.488550715,87,42,72,-45,-15,26.33,30,3.67,NA,NA,NA,261,125,216,NA,NA,NA,87,42,72,0.48,0.83
VVUV305C,Victoria,NA,NA,diamictite,Older Glacial,sand conglomerate,conglomerate,sandy conglomerate,NA,NA,NA,NA,NA,NA,103,208,72,105,-31,22.33,28.33,6,NA,NA,NA,310,624,216,NA,NA,NA,103,208,72,2.02,0.70
VVUV305D,Victoria,NA,NA,diamictite,Older Glacial,sand conglomerate,conglomerate,sandy conglomerate,NA,NA,NA,NA,NA,NA,126,183,57,57,-69,26.67,30.67,4,NA,NA,NA,377,550,172,NA,NA,NA,126,183,57,1.45,0.45
VVUV306A,Victoria,NA,NA,silt,Lacustrine,sand silt,conglomerate,sandy silt congolmerate,NA,NA,NA,NA,NA,NA,130,128,133,-2,3,41.67,41.67,0,NA,NA,NA,389,384,399,NA,NA,NA,130,128,133,0.98,1.02
VVUV306B,Victoria,NA,NA,silt,Lacustrine,sand silt,conglomerate,sandy silt congolmerate,NA,NA,NA,NA,NA,NA,105,114,38,9,-67,43.33,48.33,5,NA,NA,NA,314,341,113,NA,NA,NA,105,114,38,1.09,0.36
VVUV308A,Victoria,NA,NA,gravel,Alluvial,sand conglomerate,conglomerate,sandy conglomerate,NA,NA,NA,NA,NA,NA,82,103,48,21,-34,29.33,55,25.67,NA,NA,NA,247,310,145,NA,NA,NA,82,103,48,1.26,0.59
VVUV308B,Victoria,NA,NA,diamictite,Older Glacial,sand conglomerate,conglomerate,sandy conglomerate,NA,NA,NA,NA,NA,NA,109,123,56,14,-53,35,54.33,19.33,NA,NA,NA,326,369,169,NA,NA,NA,109,123,56,1.13,0.51
VVUV309A,Victoria,NA,NA,gravel,Alluvial,sand conglomerate,conglomerate,sandy conglomerate,NA,NA,NA,NA,NA,NA,75,78,42,3,-33,38.33,49.33,11,NA,NA,NA,226,235,125,NA,NA,NA,75,78,42,1.04,0.56
VVUV310A,Victoria,NA,NA,diamictite,Older Glacial,breccia gravel tillite,breccia,gravel breccia,NA,NA,NA,NA,NA,NA,75,109,42,34,-33,36.67,48.33,11.67,NA,NA,NA,226,326,125,NA,NA,NA,75,109,42,1.45,0.56
VVUV310B,Victoria,NA,NA,silt,Lacustrine,sand silt,conglomerate,sandy silt,NA,NA,NA,NA,NA,NA,120,112,40,-8,-80,25,36.67,11.67,NA,NA,NA,359,337,121,NA,NA,NA,120,112,40,0.93,0.33
VVUV311A,Victoria,NA,NA,till,Younger Glacial,breccia gravel tillite,breccia,gravel breccia,NA,NA,NA,NA,NA,NA,172,124,77,-48,-95,35,40,5,NA,NA,NA,516,372,230,NA,NA,NA,172,124,77,0.72,0.45
VVUV311B,Victoria,NA,NA,till,Younger Glacial,breccia gravel tillite,breccia,gravel breccia,NA,NA,NA,NA,NA,NA,111,89,120,-22,9,43.33,35,-8.33,NA,NA,NA,332,266,361,NA,NA,NA,111,89,120,0.80,1.08
VVUV312A,Victoria,NA,NA,till,Younger Glacial,breccia gravel tillite,breccia,gravel breccia,NA,NA,NA,NA,NA,NA,84,84,60,0,-24,26.67,31.67,5,NA,NA,NA,251,251,179,NA,NA,NA,84,84,60,1.00,0.71
VVUV312B,Victoria,NA,NA,till,Younger Glacial,breccia gravel tillite,breccia,gravel breccia,NA,NA,NA,NA,NA,NA,106,122,62,16,-44,41.67,58.33,16.67,NA,NA,NA,319,367,186,NA,NA,NA,106,122,62,1.15,0.58
VVUV313A,Victoria,NA,NA,till,Younger Glacial,breccia gravel tillite,breccia,gravel breccia,NA,NA,NA,NA,NA,NA,127,54,94,-73,-33,28.33,40,11.67,NA,NA,NA,381,163,282,NA,NA,NA,127,54,94,0.43,0.74
VVUV314A,Victoria,NA,NA,till,Younger Glacial,breccia gravel tillite,breccia,gravel breccia,NA,NA,NA,NA,NA,NA,93,74,64,-19,-29,35,48.33,13.33,NA,NA,NA,279,223,193,NA,NA,NA,93,74,64,0.80,0.69
WVBP207A,Wright,1,NA,till,Younger Glacial,breccia gravel tillite,breccia,gravel breccia,NA,NA,NA,NA,NA,NA,191,214,199,23,8,5.67,16.67,11,NA,NA,NA,573,642,597,NA,NA,NA,191,214,199,1.12,1.04
WVBP207B,Wright,0.962916565,0.948617741,till,Younger Glacial,breccia gravel tillite,breccia,gravel breccia,3.027422355,28.40735093,0.929169976,5.655429851,52.11550961,-0.066303968,56,82,43,26,-13,5,15,10,97,192,75,NA,NA,NA,72,54,54,56,82,43,1.46,0.77
WVBP208A,Wright,0.716174763,0.48171066,till,Younger Glacial,breccia gravel tillite,breccia,gravel breccia,NA,NA,NA,NA,NA,NA,53,37,32,-16,-21,6.67,11.67,5,100,62,49,NA,NA,NA,59,48,48,53,37,32,0.70,0.60
WVBP208B,Wright,0.993210565,0.440033102,till,Younger Glacial,breccia gravel tillite,breccia,gravel breccia,NA,NA,NA,NA,NA,NA,99,61,93,-38,-6,33.33,38.33,5,180,85,183,NA,NA,NA,117,97,97,99,61,93,0.62,0.94
WVBP275A,Wright,0.959090918,0.691887737,till,Younger Glacial,sand mud gravel,conglomerate,sandy gravel congolmerate,NA,NA,NA,NA,NA,NA,87,181,373,94,286,15,21.67,6.67,115,323,900,NA,NA,NA,147,220,220,87,181,373,2.08,4.29
WVBP275B,Wright,0.931763949,0.202871156,till,Younger Glacial,sand mud gravel,conglomerate,sandy gravel congolmerate,NA,NA,NA,NA,NA,NA,54,89,65,35,11,0,0,0,55,155,85,NA,NA,NA,107,111,111,54,89,65,1.65,1.20
WVBP276A,Wright,0.900609258,0.550454948,till,Younger Glacial,breccia gravel tillite,breccia,gravel breccia,NA,NA,NA,NA,NA,NA,117,78,53,-39,-64,13.33,18.33,5,251,170,96,NA,NA,NA,100,63,63,117,78,53,0.67,0.45
WVBP276B,Wright,0.769008572,0.316220062,gravel,Colluvium,breccia gravel tillite,breccia,Colluvium,NA,NA,NA,NA,NA,NA,51,90,74,39,23,20,23.33,3.33,67,105,57,NA,NA,NA,87,165,165,51,90,74,1.76,1.45
WVBP277A,Wright,0.84352643,0.803614314,gravel,Colluvium,breccia gravel tillite,breccia,Colluvium,NA,NA,NA,NA,NA,NA,39,82,48,43,9,20,18.33,-1.67,57,188,84,NA,NA,NA,60,59,59,39,82,48,2.10,1.23
WVBP277B,Wright,0.801105023,0.706523901,gravel,Colluvium,breccia gravel tillite,breccia,Colluvium,NA,NA,NA,NA,NA,NA,38,49,46,11,8,5,16.67,11.67,59,71,63,NA,NA,NA,56,76,76,38,49,46,1.29,1.21
WVBW110A,Wright,0.991927333,0.443832373,till,Local Glacial,sand silt,conglomerate,sandy silt congolmerate,2.606303851,19.6008067,0.5895273,3.241885067,23.09176035,0.359226861,53,152,93,99,40,25,10.67,-14.33,90,245,100,NA,NA,NA,70,212,180,53,152,93,2.87,1.75
WVBW110B,Wright,0.961095333,1.303812893,till,Younger Glacial,sand silt,conglomerate,sandy silt congolmerate,6.593164895,55.84881378,1.059665785,5.842168108,54.9409233,0.194216229,132,297,295,165,163,21,19.67,-1.33,190,760,515,NA,NA,NA,205,130,370,132,297,295,2.25,2.23
WVBW111A,Wright,0.961387333,0.646753584,silt,Lacustrine,sand silt,conglomerate,sandy silt congolmerate,3.461251461,31.77711111,0.924274015,3.713604565,28.22702463,0.019528555,63,120,48,57,-15,20,13.67,-6.33,90,120,70,NA,NA,NA,100,240,75,63,120,48,1.90,0.76
WVBW111B,Wright,0.804342667,0.982099588,till,Younger Glacial,sand silt,conglomerate,sandy silt congolmerate,6.067432296,41.88460895,0.858644833,4.986567315,37.7733884,0.394742285,76,57,43,-19,-33,24.33,20,-4.33,95,65,65,NA,NA,NA,134,106,63,76,57,43,0.75,0.57
WVBW112A,Wright,0.222855333,1.340094548,till,Younger Glacial,sand mud gravel,conglomerate,sandy gravel congolmerate,3.753076027,32.5629285,0.969064919,5.037515992,52.43719946,1.022593138,115,37,104,-78,-11,26.67,13.33,-13.33,158,55,130,NA,NA,NA,186,57,183,115,37,104,0.32,0.90
WVBW112B,Wright,0.952916,0.89117144,till,Younger Glacial,sand mud gravel,conglomerate,sandy gravel congolmerate,3.493307509,24.6271879,0.464170903,3.186295451,30.41467694,0.275708147,127,129,158,2,31,15.67,12.67,-3,270,147,175,NA,NA,NA,110,240,300,127,129,158,1.02,1.24
WVBW114A,Wright,1,NA,gravel,Colluvium,breccia gravel tillite,breccia,Colluvium,NA,NA,NA,NA,NA,NA,205,59,32,-146,-173,28.33,17.33,-11,270,82,96,NA,NA,NA,346,95,NA,205,59,32,0.29,0.16
WVBW114B,Wright,NA,-0.115780439,till,Older Glacial,breccia gravel tillite,breccia,gravel breccia,3.411424002,26.21519409,1.719338069,4.11547179,33.22055738,0.303593923,145,64,45,-81,-100,23.67,12,-11.67,365,129,106,NA,NA,NA,70,64,30,145,64,45,0.44,0.31
WVBW118A,Wright,1,-0.034818526,till,Older Glacial,sand conglomerate,conglomerate,sandy conglomerate,4.241237655,38.32652798,0.891742422,3.514974519,39.93770435,0.179267471,NA,NA,NA,NA,NA,15,19,4,NA,NA,NA,NA,NA,NA,NA,NA,NA,NA,NA,NA,NA,NA
WVBW118B,Wright,0.179493847,NA,silt,Lacustrine,sand conglomerate,conglomerate,sand,NA,NA,NA,NA,NA,NA,NA,NA,NA,NA,NA,15,19,4,NA,NA,NA,NA,NA,NA,NA,NA,NA,NA,NA,NA,NA,NA
WVBW120A,Wright,NA,NA,till,Younger Glacial,sand silt gravel,breccia,sandy breccia,NA,NA,NA,NA,NA,NA,37,76,75,39,38,12,8.33,-3.67,70,127,140,NA,NA,NA,41,100,85,37,76,75,2.05,2.03
WVBW120B,Wright,NA,NA,till,Younger Glacial,sand silt gravel,breccia,sandy breccia,NA,NA,NA,NA,NA,NA,65,85,34,20,-31,18.33,8.67,-9.67,50,190,52,NA,NA,NA,145,65,50,65,85,34,1.31,0.52
WVBW123A,Wright,NA,NA,till,Local Glacial,sand silt gravel,breccia,sandy breccia,NA,NA,NA,NA,NA,NA,42,28,33,-14,-9,13.67,8.33,-5.33,57,34,39,NA,NA,NA,70,50,60,42,28,33,0.67,0.79
WVBW123B,Wright,NA,NA,till,Local Glacial,sand silt gravel,breccia,sandy breccia,NA,NA,NA,NA,NA,NA,47,37,46,-10,-1,15.67,19.33,3.67,55,52,64,NA,NA,NA,87,60,73,47,37,46,0.79,0.98
WVBW125A,Wright,0.46123751,0.153298188,till,Older Glacial,sand silt gravel,breccia,sandy breccia,11.76249945,182.3460041,-7.326420499,3.360925529,35.13510245,0.529492688,93,153,103,60,10,9.33,12,2.67,120,180,160,NA,NA,NA,160,280,150,93,153,103,1.65,1.11
WVBW125B,Wright,1,NA,gravel,Alluvial,sand silt gravel,breccia,sand,NA,NA,NA,NA,NA,NA,61,58,86,-3,25,26.67,20,-6.67,101,100,203,NA,NA,NA,81,73,54,61,58,86,0.95,1.41
WVBW126A,Wright,1,0.676290226,gravel,Alluvial,breccia gravel tillite,breccia,sands,NA,NA,NA,NA,NA,NA,85,62,83,-23,-2,16,18.67,2.67,87,80,108,NA,NA,NA,167,107,140,85,62,83,0.73,0.98
WVBW126B,Wright,0.071295751,0.726557092,gravel,Colluvium,breccia gravel tillite,breccia,Colluvium,5.524840843,39.91955985,0.519134349,5.964697642,51.51332384,0.525823428,157,133,335,-24,178,6,11,5,340,293,645,NA,NA,NA,131,105,360,157,133,335,0.85,2.13
WVBW127A,Wright,0.324549207,0.721577617,till,Older Glacial,breccia gravel tillite,breccia,gravel breccia,2.342882408,19.66427919,0.446739404,4.865956584,31.09608857,-0.097075449,178,75,75,-103,-103,20,22,2,114,125,120,NA,NA,NA,419,100,105,178,75,75,0.42,0.42
WVBW127B,Wright,0.678038139,-0.199264851,till,Older Glacial,breccia gravel tillite,breccia,gravel breccia,1.888997711,19.02915975,0.510983636,5.19414441,37.76148687,0.015983944,68,83,78,15,10,37.67,16.67,-21,120,130,140,NA,NA,NA,84,118,95,68,83,78,1.22,1.15
WVBW128A,Wright,0.037141349,NA,till,Local Glacial,sand conglomerate,conglomerate,sandy conglomerate,NA,NA,NA,NA,NA,NA,164,226,262,62,98,8,11.67,3.67,308,190,300,NA,NA,NA,184,487,487,164,226,262,1.38,1.60
WVBW128B,Wright,1,NA,gravel,Colluvium,breccia gravel tillite,breccia,Colluvium,NA,NA,NA,NA,NA,NA,221,202,209,-19,-12,12,11,-1,302,290,312,NA,NA,NA,360,315,315,221,202,209,0.91,0.95
WVBW129A,Wright,NA,NA,till,Younger Glacial,breccia gravel tillite,breccia,gravel breccia,NA,NA,NA,NA,NA,NA,133,103,124,-30,-9,13.33,14.67,1.33,225,123,188,NA,NA,NA,174,185,185,133,103,124,0.77,0.93
WVBW129B,Wright,NA,NA,till,Younger Glacial,breccia gravel tillite,breccia,gravel breccia,NA,NA,NA,NA,NA,NA,110,105,112,-5,2,10.67,7.33,-3.33,220,145,165,NA,NA,NA,110,170,170,110,105,112,0.95,1.02
WVBW130A,Wright,NA,NA,diamictite,Older Glacial,sand silt gravel,breccia,gravel breccia,NA,NA,NA,NA,NA,NA,30,49,62,19,32,17.67,20.33,2.67,50,62,100,NA,NA,NA,40,85,85,30,49,62,1.63,2.07
WVBW130B,Wright,NA,NA,diamictite,Older Glacial,sand silt gravel,breccia,gravel breccia,NA,NA,NA,NA,NA,NA,31,29,33,-2,2,18.67,15.67,-3,47,40,52,NA,NA,NA,45,47,47,31,29,33,0.94,1.06
WVBW131A,Wright,NA,0.336812341,silt,Lacustrine,sand mud gravel,conglomerate,sandy gravel congolmerate,NA,NA,NA,NA,NA,NA,62,62,55,0,-7,22.67,11.33,-11.33,117,100,80,NA,NA,NA,69,85,85,62,62,55,1.00,0.89
WVBW131B,Wright,NA,-0.166513731,silt,Lacustrine,sand mud gravel,conglomerate,sandy gravel congolmerate,NA,NA,NA,NA,NA,NA,84,91,49,7,-35,13.33,14.33,1,60,180,54,NA,NA,NA,192,92,92,84,91,49,1.08,0.58
WVBW132A,Wright,0.62401432,-0.030195773,till,Younger Glacial,sand silt,conglomerate,sandy silt congolmerate,3.429748285,28.16278211,0.546965902,3.451247044,26.43688014,0.40920471,125,128,132,3,7,16,11,-5,170,150,162,NA,NA,NA,205,234,234,125,128,132,1.02,1.06
WVBW132B,Wright,0.97787105,0.889236973,till,Older Glacial,sand silt,conglomerate,sandy silt congolmerate,2.669199793,22.66057865,1.352533434,3.142162292,26.58511484,0.288267104,140,85,74,-55,-66,27.67,11.67,-16,320,150,117,NA,NA,NA,99,104,104,140,85,74,0.61,0.53
WVBW133A,Wright,0.316004536,1.197592843,till,Older Glacial,sand silt gravel,breccia,sandy breccia,1.801661316,16.10702372,0.541114685,4.506576997,32.87232121,-0.067760872,46,38,42,-8,-4,29.67,14,-15.67,75,54,65,NA,NA,NA,64,61,61,46,38,42,0.83,0.91
WVBW133B,Wright,0.206814513,0.424004758,till,Older Glacial,sand silt gravel,breccia,sandy breccia,5.63745149,49.60246762,0.958937703,7.560425802,60.29382608,0.548247394,45,102,65,57,20,15.67,15.33,-0.33,70,165,54,NA,NA,NA,65,140,140,45,102,65,2.27,1.44
WVBW134A,Wright,0.553474367,0.027090729,diamictite,Older Glacial,sand silt gravel,breccia,sandy breccia,4.530401316,58.29408704,1.892745309,6.083671331,44.65186201,-0.16836614,33,25,40,-8,7,30.67,20.33,-10.33,53,30,75,NA,NA,NA,45,44,44,33,25,40,0.76,1.21
WVBW134B,Wright,0.870670025,-0.19214556,till,Older Glacial,sand silt gravel,breccia,sandy breccia,6.967424934,51.81975285,1.465893009,8.105938801,70.238365,0.155807911,27,28,26,1,-1,29,21.33,-7.67,40,44,38,NA,NA,NA,40,40,40,27,28,26,1.04,0.96
WVBW135A,Wright,0.391567625,-0.030735679,gravel,Alluvial,sand mud gravel,conglomerate,sandy gravel congolmerate,6.067964544,45.08378726,-0.020518799,1.606802,14.28601981,0.387180014,27,335,70,308,43,28.33,25,-3.33,35,810,15,NA,NA,NA,45,195,195,27,335,70,12.41,2.59
WVBW135B,Wright,0.101368254,0.611838202,till,Older Glacial,sand mud gravel,conglomerate,sandy gravel congolmerate,6.818563579,55.45097823,-0.175570922,4.487806827,37.91296805,1.427901213,78,135,138,57,60,30.67,21.67,-9,64,30,40,NA,NA,NA,170,375,375,78,135,138,1.73,1.77
WVBW175A,Wright,0.307890304,-0.647938076,till,Older Glacial,breccia gravel tillite,breccia,gravel breccia,4.826748172,35.2577359,-0.268591374,4.435428337,36.1301878,0.723802086,NA,NA,NA,NA,NA,15,16.67,1.67,NA,NA,NA,NA,NA,NA,NA,NA,NA,NA,NA,NA,NA,NA
WVBW175B,Wright,0.234717715,-0.210226625,gravel,Alluvial,sand silt gravel,conglomerate,sandy conglomerate,5.624295875,39.45163501,-0.221602182,2.485793968,19.37203955,0.468882416,NA,NA,NA,NA,NA,18.33,23.33,5,NA,NA,NA,NA,NA,NA,NA,NA,NA,NA,NA,NA,NA,NA
WVBW176A,Wright,0.456324471,-0.002582194,gravel,Alluvial,sand silt gravel,conglomerate,sandy gravel congolmerate,5.534819294,46.53899611,0.052530042,2.849951255,25.64667738,0.775043209,105,232,432,127,327,21.67,21.67,0,160,95,696,NA,NA,NA,154,600,600,105,232,432,2.21,4.11
WVBW176B,Wright,0.1734965,-0.075455334,gravel,Alluvial,sand silt gravel,conglomerate,sandy gravel congolmerate,4.943585935,38.28746387,-0.349918633,2.699565113,26.65902107,0.832292701,102,126,131,24,29,13.33,18.33,5,164,101,116,NA,NA,NA,142,277,277,102,126,131,1.24,1.28
WVBW177A,Wright,0.059812253,-0.79100781,till,Older Glacial,sand mud gravel,conglomerate,sandy gravel congolmerate,4.734060866,40.74477883,0.080421589,3.624193982,28.88856574,1.015669022,158,259,239,101,81,13.33,15,1.67,214,291,230,NA,NA,NA,260,487,487,158,259,239,1.64,1.51
WVBW177B,Wright,0.805847186,0.283267527,till,Older Glacial,sand mud gravel,conglomerate,sandy gravel congolmerate,6.604990296,43.33989845,-0.281646088,5.842579006,43.37566979,1.334898363,93,67,62,-26,-31,33.33,30,-3.33,171,93,77,NA,NA,NA,109,109,109,93,67,62,0.72,0.67
WVBW178A,Wright,0.144448418,1.009109087,till,Younger Glacial,sand conglomerate,conglomerate,sandy conglomerate,2.574571922,23.24792996,1.106404881,6.386969347,40.37295849,-0.356318769,50,68,73,18,23,15,28.33,13.33,65,68,81,NA,NA,NA,84,137,137,50,68,73,1.36,1.46
WVBW178B,Wright,0.670085248,0.568080839,till,Younger Glacial,sand conglomerate,conglomerate,sandy conglomerate,14.68683709,117.8967991,-1.297877491,21.59709724,105.2936882,-0.344407569,45,54,43,9,-2,30,25,-5,45,101,69,NA,NA,NA,89,61,61,45,54,43,1.20,0.96
WVIN400A,Wright,0.624707399,0.634085802,till,Younger Glacial,breccia gravel tillite,breccia,gravel breccia,NA,NA,NA,NA,NA,NA,396,600,600,204,204,0.67,8.33,7.67,900,900,900,NA,NA,NA,288,900,900,396,600,600,1.52,1.52
WVIN400B,Wright,0.824924144,1.291868957,till,Younger Glacial,breccia gravel tillite,breccia,gravel breccia,NA,NA,NA,NA,NA,NA,600,369,355,-231,-245,15,15,0,900,900,858,NA,NA,NA,900,206,206,600,369,355,0.62,0.59
WVIN401A,Wright,0.936263707,0.88068272,till,Younger Glacial,breccia gravel tillite,breccia,gravel breccia,NA,NA,NA,NA,NA,NA,287,256,428,-31,141,3.33,6.67,3.33,345,384,900,NA,NA,NA,516,383,383,287,256,428,0.89,1.49
WVIN401B,Wright,0.862007114,NA,till,Younger Glacial,breccia gravel tillite,breccia,gravel breccia,NA,NA,NA,NA,NA,NA,490,459,478,-31,-12,1.33,11.67,10.33,900,842,900,NA,NA,NA,570,534,534,490,459,478,0.94,0.98
WVLV300A,Wright,0.971396218,0.269183534,till,Younger Glacial,silt sand,conglomerate,sandy silt congolmerate,NA,NA,NA,NA,NA,NA,39,41,49,2,10,6.67,15,8.33,67,54,78,NA,NA,NA,50,70,70,39,41,49,1.05,1.26
WVLV300B,Wright,1,0.891233676,till,Younger Glacial,silt sand,conglomerate,sandy silt congolmerate,NA,NA,NA,NA,NA,NA,53,76,62,23,9,6.67,25,18.33,70,90,50,NA,NA,NA,90,137,137,53,76,62,1.43,1.17
WVLV301A,Wright,0.957314103,0.229087988,till,Older Glacial,silt sand,conglomerate,sandy silt congolmerate,NA,NA,NA,NA,NA,NA,135,258,1283,123,1148,10,31.67,21.67,180,405,3480,NA,NA,NA,225,370,370,135,258,1283,1.91,9.50
WVLV301B,Wright,1,0.353729601,till,Older Glacial,silt sand,conglomerate,sandy silt congolmerate,NA,NA,NA,NA,NA,NA,105,37,27,-68,-78,20,31.67,11.67,235,89,59,NA,NA,NA,80,23,23,105,37,27,0.35,0.26
WVLV302A,Wright,1,0.106463012,till,Younger Glacial,silt sand,conglomerate,sandy silt congolmerate,NA,NA,NA,NA,NA,NA,55,54,47,-1,-8,13.33,16.67,3.33,95,103,83,NA,NA,NA,69,58,58,55,54,47,0.98,0.85
WVLV302B,Wright,0.800851184,0.56076482,till,Older Glacial,silt sand,conglomerate,sandy silt congolmerate,NA,NA,NA,NA,NA,NA,73,130,43,57,-30,11.67,18.33,6.67,70,330,70,NA,NA,NA,150,60,60,73,130,43,1.78,0.59
WVLV303A,Wright,0.971866159,-0.15079329,till,Younger Glacial,breccia gravel tillite,breccia,gravel breccia,5.71118473,45.33297878,0.517431441,5.242987408,62.90308983,1.488181476,82,105,66,23,-16,18.33,18.33,0,155,230,115,NA,NA,NA,90,84,84,82,105,66,1.28,0.80
WVLV303B,Wright,0.853990426,-0.671346777,till,Younger Glacial,breccia gravel tillite,breccia,gravel breccia,NA,NA,NA,NA,NA,NA,213,278,245,65,32,5,15,10,360,240,140,NA,NA,NA,280,595,595,213,278,245,1.31,1.15
WVLV305A,Wright,0.895593154,0.696303826,till,Local Glacial,breccia gravel tillite,breccia,gravel breccia,NA,NA,NA,NA,NA,NA,77,120,100,43,23,13.33,16.67,3.33,120,220,160,NA,NA,NA,110,140,140,77,120,100,1.56,1.30
WVLV305B,Wright,0.975998426,0.810164901,till,Local Glacial,breccia gravel tillite,breccia,gravel breccia,NA,NA,NA,NA,NA,NA,198,367,483,169,285,10,13.33,3.33,215,290,640,NA,NA,NA,380,810,810,198,367,483,1.85,2.44
WVLV306A,Wright,0.405704298,0.243681502,till,Local Glacial,breccia gravel tillite,breccia,gravel breccia,5.474963285,39.65773558,0.558103509,2.448093228,22.94971294,0.52898194,NA,NA,NA,NA,NA,35,26.67,-8.33,NA,NA,NA,NA,NA,NA,NA,NA,NA,NA,NA,NA,NA,NA
WVLV306B,Wright,0.670601667,0.642564682,till,Local Glacial,breccia gravel tillite,breccia,gravel breccia,4.720381118,40.05269703,0.441575029,5.072265075,43.10694017,0.864749347,NA,NA,NA,NA,NA,20,15,-5,NA,NA,NA,NA,NA,NA,NA,NA,NA,NA,NA,NA,NA,NA
WVLV307A,Wright,0.572757555,0.51266861,till,Local Glacial,breccia gravel tillite,breccia,gravel breccia,NA,NA,NA,NA,NA,NA,584,197,113,-387,-471,40,25,-15,855,417,165,NA,NA,NA,898,175,175,584,197,113,0.34,0.19
WVLV307B,Wright,0.369464225,0.671945436,till,Local Glacial,breccia gravel tillite,breccia,gravel breccia,NA,NA,NA,NA,NA,NA,190,202,358,12,168,51.67,46.67,-5,159,277,745,NA,NA,NA,410,330,330,190,202,358,1.06,1.88
WVLV308A,Wright,0.115287559,NA,till,Local Glacial,breccia gravel tillite,breccia,gravel breccia,4.480796789,49.35358662,0.584980385,2.401266925,20.91874302,0.597469155,441,209,269,-232,-172,8.33,8.33,0,900,115,294,NA,NA,NA,422,513,513,441,209,269,0.47,0.61
WVLV308B,Wright,0.857733937,NA,till,Local Glacial,breccia gravel tillite,breccia,gravel breccia,6.745257083,48.58669973,-0.432949432,4.839672359,48.18969646,0.488814447,144,248,295,104,151,6.67,13.33,6.67,196,400,541,NA,NA,NA,237,343,343,144,248,295,1.72,2.05
WVLV309A,Wright,1,0.479028075,till,Older Glacial,breccia gravel tillite,breccia,gravel breccia,4.918255456,49.41607843,0.754561617,6.199529776,57.0157894,0.576495498,384,343,404,-41,20,1.67,10,8.33,900,128,311,NA,NA,NA,251,900,900,384,343,404,0.89,1.05
WVLV309B,Wright,1,2.093573167,gravel,Colluvium,breccia gravel tillite,breccia,Colluvium,NA,NA,NA,NA,NA,NA,37,71,44,34,7,3.33,8.33,5,48,135,55,NA,NA,NA,62,78,78,37,71,44,1.92,1.19
WVLV325A,Wright,0.934395698,1.897628798,till,Older Glacial,breccia gravel tillite,breccia,gravel breccia,5.92973063,51.98464208,0.513666281,4.82578801,46.66129323,0.162600501,98,151,179,53,81,6.67,16.67,10,155,335,420,NA,NA,NA,140,118,118,98,151,179,1.54,1.83
WVLV325B,Wright,0.92039478,1.027462635,till,Older Glacial,breccia gravel tillite,breccia,gravel breccia,4.040451633,30.15344613,0.687497521,4.180173029,39.57082699,0.36184476,140,173,80,33,-60,6.67,13.33,6.67,105,385,105,NA,NA,NA,315,135,135,140,173,80,1.24,0.57
WVLV326A,Wright,0.959597351,-0.517087189,diamictite,Older Glacial,sand fanglomerate,conglomerate,sandy conglomerate,5.320624457,42.15101586,-0.007339562,3.574623504,35.72851498,0.851146714,77,72,58,-5,-19,6.67,23.33,16.67,85,145,105,NA,NA,NA,145,70,70,77,72,58,0.94,0.75
WVLV326B,Wright,0.869591449,-0.38035519,till,Older Glacial,sand fanglomerate,conglomerate,sandy conglomerate,4.457710478,34.74979282,0.281011926,3.987431722,35.58498057,1.471120503,60,97,75,37,15,11.67,21.67,10,90,155,90,NA,NA,NA,90,135,135,60,97,75,1.62,1.25
WVLV375A,Wright,0.893593023,1.207061964,diamictite,Older Glacial,sand mud gravel evaporite,conglomerate,sandy gravel conglomerate,5.277923263,51.47325374,1.013646096,8.45590571,64.08351349,0.006255802,95,87,54,-8,-41,26.67,16.67,-10,148,151,51,NA,NA,NA,136,111,111,95,87,54,0.92,0.57
WVLV375B,Wright,0.907993967,0.752051913,diamictite,Older Glacial,sand mud gravel evaporite,conglomerate,sandy gravel conglomerate,4.882785852,52.60935204,0.995891065,7.294407169,56.05159126,0.116626566,66,168,67,102,1,15,18.33,3.33,98,362,60,NA,NA,NA,99,141,141,66,168,67,2.55,1.02
WVLV376A,Wright,0.948396616,NA,till,Older Glacial,sand mud gravel evaporite,conglomerate,sandy gravel congolmerate,4.519707332,42.59515866,1.529428364,7.485868512,53.49569574,-0.346870523,37,107,109,70,72,18.33,35,16.67,61,98,104,NA,NA,NA,49,223,223,37,107,109,2.89,2.95
WVLV376B,Wright,0.910394125,NA,sand,Aeolian,sand mud gravel evaporite,conglomerate,sand,3.832106795,37.84891822,0.854073945,7.497066345,53.75807968,-0.161130694,39,53,55,14,16,20,21.67,1.67,57,76,81,NA,NA,NA,60,83,83,39,53,55,1.36,1.41
WVLV377A,Wright,0.892392944,-0.802025885,sand,Aeolian,sand silt gravel,conglomerate,sand,4.20392217,33.20044487,1.008873453,6.620719944,47.49627493,-0.06808337,97,59,78,-38,-19,8.33,21.67,13.33,92,76,134,NA,NA,NA,198,101,101,97,59,78,0.61,0.80
WVLV377B,Wright,0.741406309,-0.669326458,till,Older Glacial,breccia gravel tillite,breccia,gravel breccia,NA,NA,NA,NA,NA,NA,42,65,99,23,57,10,15,5,71,130,230,NA,NA,NA,56,66,66,42,65,99,1.55,2.36
WVLV378A,Wright,0.733982557,-0.802025885,till,Older Glacial,breccia gravel tillite,breccia,gravel breccia,5.754632131,42.04473807,-0.078651224,4.519742746,36.0708272,1.026505698,35,52,58,17,23,6.67,16.67,10,49,74,87,NA,NA,NA,56,83,88,35,52,58,1.49,1.66
WVLV378B,Wright,0.810067546,-0.669326458,till,Older Glacial,breccia gravel tillite,breccia,gravel breccia,5.106004658,36.10999394,0.075635142,4.467911072,31.19846197,0.82996848,37,75,47,38,10,13.33,15,1.67,51,113,88,NA,NA,NA,59,112,52,37,75,47,2.03,1.27
